skill,calls
molclaw-protein-structure-retrieve,328
molclaw-smiles-valid-check,304
molclaw-fix-pdb,252
molclaw-file-transfer,244
molclaw-mol-basic-metrics,235
molclaw-quickvina-docking,231
molclaw-mol-hydrophobicity-metrics,185
molclaw-p2rank,183
molclaw-mol-hbond-metrics,166
molclaw-fpocket,162
molclaw-equiscore-docking,159
molclaw-drug-likeness,155
molclaw-boltz2-affinity,153
molclaw-protein-metrics,137
molclaw-mol-structure-metrics,130
molclaw-extract-chains,126
molclaw-interaction-visualizer,123
molclaw-protein-sequence-retrieve,98
molclaw-mol-topology-metrics,80
molclaw-foldx-tool,57
molclaw-protein-ligand-interactions,43
molclaw-karmadock-tool,36
molclaw-admet,34
molclaw-compound-retrieve,27
molclaw-esmfold,21
molclaw-mol2mol-sampling,20
molclaw-chai1-predict,20
molclaw-peptide-sampling,20
molclaw-equiscore-tool,19
molclaw-rgroup-sampling,17
molclaw-prolif-tool,16
molclaw-mol-similarity,16
molclaw-linker-sampling,14
molclaw-visualize-molecule,13
molclaw-hdock-tool,12
molclaw-sequence-valid-check,10
molclaw-visualize-protein,10
molclaw-pack-sidechains,9
molclaw-dleps,9
molclaw-chroma-toolkit,9
molclaw-mmpbsa-toolkit,8
molclaw-denovo-sampling,7
molclaw-pulchura-rebuild,7
molclaw-mol-complexity-metrics,6
molclaw-residue-mapper,6
molclaw-goca-tool,5
molclaw-protein-openmm,4
molclaw-proteinmpnn-tool,3
molclaw-openawsem-tool,3
molclaw-evobind-tool,3
molclaw-mol-charge-metrics,2
molclaw-run-bioemu,2
